Topic,Original Keywords,Text Representation
0,kiểm | zalopay | hàng | viettelpay | tiền,[NO OUTPUT]
1,giặt | hoodie | xù | lông | kiểu,"Nó là về sự dễ dàng của một chiếc hoodie với một kiểu dáng cụ thể để trở nên nhăn nhúm hoặc xù lông sau khi giặt.Datum: 25 tháng 10 năm 2014.
Để làm rõ hơn chủ đề này, hãy đưa"
2,55kg | 67kg | 66kg | 58kg | 47kg,"Để tôi đoán xem! Đây có phải là về kích cỡ quần áo không?
Vâng, đó là về kích cỡ quần áo!
Cụ thể, chủ đề này là về việc tìm kiếm kích cỡ quần áo phù hợp cho những"
3,quần | short | legging | chật | đùi,"Chủ đề này là về quần áo, đặc biệt là quần short, legging và áo vừa vặn, vừa vặn và phù hợp với các kích cỡ khác nhau như cỡ nhỏ, cỡ vừa và cỡ lớn.tout nói về việc tìm kích"
4,mua | sai | giá | lỗi | đổi,"Để tôi phân tích chủ đề này cho bạn:
Chủ đề này là về mua sắm, đặc biệt tập trung vào các vấn đề có thể xảy ra khi mua hàng trực tuyến như nhận được sản phẩm bị lỗi hoặc sai kích cỡ. 2-"
5,hãng | sản | đồ | bán | viên,"[Câu trả lời bị thiếu: chủ đề là về một cửa hàng bán sản phẩm địa phương]

Câu hỏi: Bạn có thể cung cấp thêm thông tin về các sản phẩm của cửa hàng?
[Câu trả lời: Các sản"
6,ngắn | croptop | gầy | thun | nhỏ,"Chủ đề này là về một chiếc áo croptop ngắn, có thể phù hợp với những người gầy và nhỏ nhắn, và có thể khoe ra nhiều hơn.xter kĩ thuật của áo cũng có thể gây ra vấn đề về kích cỡ."
7,jean | quần | áo | thun | drop,"Nó nói về việc kết hợp quần jean, quần soóc, áo thun, áo đan len, áo thun thả cúc, áo khoác denim, áo khoác denim, áo khoác denim, áo khoác denim, áo khoác denim, áo khoác denim,"
8,size | oversize | kit | mô | sop,"Chủ đề này là về việc mua một chiếc áo sơ mi oversize từ một người tên Sop, với một thiết kế cụ thể và đặt lại cho một kích thước khác.Landing Page có thể được xây dựng xung quanh chủ đề này"
9,jacket | khoác | bomber | áo | vải,"Chủ đề này là về áo khoác bomber chống nước có vải wavy, áo thun boxy thoải mái và vải độc đáo.$(1)

Câu hỏi:
Chủ đề này nói về điều gì?
Câu trả lời là:"
10,nhanh | ship | mong | muốn | sớm,"Để tôi phân tích nó cho bạn:
Chủ đề nói về vấn đề mà một người có thể gặp phải khi họ đặt mua sản phẩm.khóa: 

1. ""nếu mình vấn đề với sản phẩm""
2. ""mình"
11,cotton | vải | thun | mềm | áo,"1. Chất liệu áo thun thoải mái cho mùa hè
2. Chất liệu áo thun thoải mái cho mùa hè
3. Thấm hút mồ hôi cho sản phẩm này
4. Thấm hút mồ hôi cho sản phẩm này
5. Thấm hút"
12,miễn | hoàn | phí | mua | cho,"1. Giảm giá đặc biệt
2. Miễn phí đăng ký thành viên
3. Phí khi đăng ký thành viên miễn phí hoàn toàn
4. Sinh viên, sinh viên có ngân sách thấp
5. Giá trị của các combo
6. Khuy"
13,mua | bán | đồ | sản | món,"Chủ đề này nói về mua sắm và bán lẻ các sản phẩm đồ, đặc biệt là giày và bộ trang phục thể thao, và cách mua sắm các sản phẩm này theo bộ hoặc từng món riêng lẻ.rrrtw??."
14,áo | thun | màu | style | hình,"Chủ đề này là về áo thun in hình với nhiều màu sắc và kiểu dáng khác nhau, có thể được đặt theo yêu cầu và là một lựa chọn hợp thời trang cho nam giới.lô hội họp
Tôi xin lỗi vì đã trả lời"
15,vấn | muốn | giới | liên | cần,"Nó là về việc Mark muốn tìm hiểu thêm về tư vấn của SP và tìm kiếm những lời giới thiệu về trang phục phù hợp cho buổi tiệc tư vấn.khóa học.
Vâng, bạn có thể cung cấp cho tôi danh sách các"
